dt,LandAverageTemperature,LandAverageTemperatureUncertainty
1750-01,2.05,7.26
1750-02,3.71,7.32
1750-03,6.9,7.11
1750-04,10.24,8.0
1750-05,14.15,7.48
1750-06,17.04,8.0
1750-07,18.45,7.01
1750-08,17.94,7.26
1750-09,14.6,7.21
1750-10,9.62,8.34
1750-11,5.91,7.28
1750-12,2.64,9.37
1751-01,2.03,9.7
1751-02,3.88,7.77
1751-03,6.84,9.28
1751-04,10.05,9.37
1751-05,13.51,8.8
1751-06,17.23,9.4
1751-07,18.52,8.16
1751-08,18.27,8.51
1751-09,14.69,8.89
1751-10,9.97,9.64
1751-11,5.49,8.98
1751-12,2.88,7.07
1752-01,2.76,7.48
1752-02,4.13,9.68
1752-03,6.67,7.45
1752-04,10.04,8.11
1752-05,13.38,8.31
1752-06,17.28,7.95
1752-07,18.4,7.2
1752-08,18.14,6.98
1752-09,14.36,7.63
1752-10,9.84,9.11
1752-11,5.92,8.86
1752-12,3.5,9.83
1753-01,2.64,7.61
1753-02,3.8,7.44
1753-03,7.0,8.24
1753-04,10.46,7.04
1753-05,13.45,7.49
1753-06,16.97,7.97
1753-07,18.48,8.21
1753-08,17.93,7.24
1753-09,14.07,7.98
1753-10,9.4,8.21
1753-11,5.02,8.52
1753-12,2.59,8.99
1754-01,2.42,9.84
1754-02,3.58,8.3
1754-03,6.77,7.88
1754-04,10.06,8.8
1754-05,14.29,9.53
1754-06,17.14,9.03
1754-07,18.9,8.0
1754-08,17.75,7.12
1754-09,14.89,7.05
1754-10,9.83,8.49
1754-11,5.16,8.85
1754-12,3.43,9.21
1755-01,2.41,7.23
1755-02,4.29,8.4
1755-03,6.65,9.26
1755-04,10.11,7.04
1755-05,13.46,8.86
1755-06,17.07,9.46
1755-07,18.96,9.79
1755-08,18.19,7.76
1755-09,14.81,6.93
1755-10,9.84,9.46
1755-11,5.53,7.26
1755-12,3.02,8.49
1756-01,2.39,9.5
1756-02,3.66,7.64
1756-03,6.53,7.43
1756-04,10.05,8.01
1756-05,14.26,7.06
1756-06,16.92,7.42
1756-07,19.22,9.49
1756-08,17.72,8.51
1756-09,14.11,7.77
1756-10,9.67,8.43
1756-11,5.95,9.25
1756-12,3.06,9.18
1757-01,2.51,8.98
1757-02,4.1,7.56
1757-03,6.86,8.52
1757-04,10.21,7.98
1757-05,13.55,8.29
1757-06,16.85,8.69
1757-07,19.13,9.16
1757-08,18.14,8.27
1757-09,14.72,7.16
1757-10,9.38,9.37
1757-11,5.39,8.8
1757-12,2.95,7.87
1758-01,2.8,7.79
1758-02,4.09,9.22
1758-03,6.21,9.69
1758-04,9.79,8.0
1758-05,13.83,9.25
1758-06,16.91,8.44
1758-07,18.6,9.53
1758-08,17.65,7.56
1758-09,14.85,7.73
1758-10,10.28,6.91
1758-11,5.42,7.08
1758-12,3.11,9.65
1759-01,2.36,8.67
1759-02,3.6,8.05
1759-03,6.61,7.48
1759-04,10.43,8.23
1759-05,14.24,7.56
1759-06,17.69,7.28
1759-07,18.26,8.71
1759-08,18.27,8.16
1759-09,14.08,9.72
1759-10,9.48,9.34
1759-11,5.93,7.39
1759-12,3.4,8.12
1760-01,2.94,9.36
1760-02,4.11,7.57
1760-03,6.62,9.64
1760-04,10.06,7.86
1760-05,14.03,6.89
1760-06,16.99,7.2
1760-07,18.66,7.97
1760-08,18.15,8.19
1760-09,14.2,6.84
1760-10,9.86,8.99
1760-11,5.97,9.22
1760-12,2.84,9.3
1761-01,2.51,7.52
1761-02,3.44,8.0
1761-03,6.59,7.51
1761-04,9.94,9.49
1761-05,13.41,9.49
1761-06,17.15,9.04
1761-07,18.35,8.38
1761-08,18.31,7.98
1761-09,14.4,8.15
1761-10,9.54,7.3
1761-11,5.29,6.78
1761-12,3.45,6.89
1762-01,2.98,6.67
1762-02,4.0,8.28
1762-03,6.09,9.46
1762-04,10.48,9.28
1762-05,13.78,7.51
1762-06,16.93,6.98
1762-07,18.92,9.11
1762-08,17.76,6.72
1762-09,14.41,7.1
1762-10,9.57,7.31
1762-11,5.71,7.94
1762-12,3.11,7.81
1763-01,3.04,8.1
1763-02,3.39,7.03
1763-03,6.78,9.35
1763-04,9.88,7.99
1763-05,14.21,8.27
1763-06,16.77,8.17
1763-07,18.54,7.25
1763-08,18.49,6.93
1763-09,14.88,8.87
1763-10,9.94,7.58
1763-11,5.13,8.62
1763-12,3.51,7.15
1764-01,2.18,8.01
1764-02,4.21,6.6
1764-03,6.84,6.84
1764-04,9.79,7.02
1764-05,13.81,9.39
1764-06,17.42,6.76
1764-07,18.41,7.96
1764-08,17.65,8.59
1764-09,14.41,9.45
1764-10,10.18,9.03
1764-11,5.29,7.87
1764-12,3.23,6.85
1765-01,2.07,7.53
1765-02,3.76,8.91
1765-03,6.87,6.72
1765-04,9.82,9.32
1765-05,13.65,6.93
1765-06,17.55,8.9
1765-07,18.86,8.85
1765-08,18.42,9.11
1765-09,14.32,7.81
1765-10,10.34,7.65
1765-11,5.69,9.09
1765-12,3.44,8.36
1766-01,2.41,8.59
1766-02,3.37,7.57
1766-03,6.82,8.46
1766-04,9.84,8.68
1766-05,13.97,7.85
1766-06,16.87,8.31
1766-07,19.01,7.12
1766-08,18.2,6.73
1766-09,14.27,7.59
1766-10,10.14,7.37
1766-11,5.95,9.47
1766-12,2.73,6.6
1767-01,2.8,8.78
1767-02,4.27,8.51
1767-03,6.85,7.59
1767-04,9.87,9.49
1767-05,13.97,7.3
1767-06,17.66,6.71
1767-07,18.32,7.25
1767-08,17.7,7.72
1767-09,14.69,8.05
1767-10,9.92,6.85
1767-11,5.6,9.42
1767-12,2.9,8.89
1768-01,2.71,8.75
1768-02,4.03,7.78
1768-03,6.31,6.74
1768-04,9.89,6.76
1768-05,14.14,8.97
1768-06,17.59,9.11
1768-07,18.63,8.48
1768-08,18.39,6.86
1768-09,14.07,7.09
1768-10,10.29,8.88
1768-11,5.2,9.0
1768-12,2.75,7.26
1769-01,2.24,9.08
1769-02,4.2,6.62
1769-03,6.1,8.8
1769-04,10.17,8.14
1769-05,14.01,8.06
1769-06,16.96,7.36
1769-07,18.87,8.78
1769-08,17.91,6.5
1769-09,14.22,7.28
1769-10,10.34,7.71
1769-11,5.57,7.7
1769-12,3.44,8.83
1770-01,2.23,8.4
1770-02,3.93,9.09
1770-03,6.14,8.13
1770-04,9.97,8.11
1770-05,14.2,7.7
1770-06,17.31,7.5
1770-07,19.22,8.99
1770-08,17.67,6.53
1770-09,14.61,7.33
1770-10,9.41,8.43
1770-11,5.24,8.33
1770-12,2.68,8.54
1771-01,2.92,8.76
1771-02,4.27,8.22
1771-03,6.42,6.92
1771-04,10.44,9.29
1771-05,14.04,6.68
1771-06,16.83,6.83
1771-07,19.09,6.78
1771-08,18.29,8.12
1771-09,14.45,7.63
1771-10,9.65,7.6
1771-11,5.27,7.96
1771-12,3.24,8.02
1772-01,3.08,9.12
1772-02,4.28,8.15
1772-03,6.23,8.62
1772-04,10.73,8.14
1772-05,13.84,8.31
1772-06,17.41,8.82
1772-07,18.77,7.45
1772-08,18.4,7.74
1772-09,14.74,7.19
1772-10,9.93,8.03
1772-11,5.67,8.7
1772-12,2.93,6.85
1773-01,2.47,8.07
1773-02,3.88,7.43
1773-03,6.51,6.84
1773-04,9.9,8.28
1773-05,13.46,8.03
1773-06,17.77,7.83
1773-07,19.0,8.6
1773-08,18.08,7.89
1773-09,14.32,8.19
1773-10,9.92,7.32
1773-11,6.03,8.2
1773-12,3.01,9.02
1774-01,2.86,9.19
1774-02,3.73,7.72
1774-03,6.33,8.47
1774-04,10.64,8.35
1774-05,14.11,6.71
1774-06,17.73,6.7
1774-07,19.1,6.78
1774-08,18.28,8.51
1774-09,14.27,7.95
1774-10,9.65,9.14
1774-11,5.28,9.23
1774-12,3.1,6.3
1775-01,2.26,7.3
1775-02,4.08,8.17
1775-03,6.32,7.53
1775-04,10.65,7.67
1775-05,13.72,8.16
1775-06,17.66,8.34
1775-07,19.28,7.58
1775-08,17.61,6.36
1775-09,15.07,7.35
1775-10,10.18,9.16
1775-11,5.65,8.27
1775-12,3.16,8.44
1776-01,2.93,8.31
1776-02,4.07,6.32
1776-03,6.23,7.57
1776-04,10.62,8.73
1776-05,13.83,8.73
1776-06,17.15,8.17
1776-07,18.43,9.08
1776-08,17.96,7.15
1776-09,14.18,6.84
1776-10,9.45,7.9
1776-11,6.08,6.25
1776-12,3.09,7.48
1777-01,2.81,6.38
1777-02,3.6,7.24
1777-03,6.44,7.43
1777-04,10.3,7.38
1777-05,13.77,9.0
1777-06,16.91,6.96
1777-07,19.0,7.29
1777-08,17.8,8.79
1777-09,14.53,8.13
1777-10,10.33,8.98
1777-11,5.54,7.53
1777-12,2.65,6.34
1778-01,3.05,9.0
1778-02,3.8,8.66
1778-03,6.84,7.26
1778-04,9.88,7.98
1778-05,13.53,7.49
1778-06,17.31,6.26
1778-07,18.52,7.02
1778-08,18.31,6.62
1778-09,14.72,7.24
1778-10,9.95,8.76
1778-11,5.73,8.68
1778-12,2.82,6.88
1779-01,2.59,6.79
1779-02,3.73,8.46
1779-03,6.31,7.58
1779-04,10.15,8.01
1779-05,13.88,8.86
1779-06,17.25,8.87
1779-07,18.4,7.31
1779-08,18.08,6.43
1779-09,14.99,8.66
1779-10,9.8,7.82
1779-11,5.65,6.83
1779-12,2.67,8.22
1780-01,2.91,7.43
1780-02,4.03,7.92
1780-03,6.9,6.62
1780-04,10.34,8.82
1780-05,13.84,8.31
1780-06,16.9,7.26
1780-07,18.38,7.5
1780-08,18.25,6.5
1780-09,14.29,8.2
1780-10,9.55,8.99
1780-11,5.92,7.35
1780-12,2.78,6.9
1781-01,2.36,8.52
1781-02,3.72,7.83
1781-03,6.17,8.67
1781-04,10.75,8.37
1781-05,14.04,6.15
1781-06,16.98,7.07
1781-07,18.99,6.55
1781-08,17.66,6.8
1781-09,14.47,6.32
1781-10,10.34,7.38
1781-11,5.22,7.74
1781-12,2.67,8.04
1782-01,2.78,7.28
1782-02,3.58,8.06
1782-03,6.3,8.33
1782-04,10.41,8.25
1782-05,14.39,7.89
1782-06,17.14,7.34
1782-07,18.93,8.78
1782-08,17.77,6.73
1782-09,14.87,8.41
1782-10,9.93,9.01
1782-11,5.72,8.87
1782-12,2.83,7.63
1783-01,2.36,8.7
1783-02,3.55,6.92
1783-03,6.31,6.06
1783-04,10.55,7.89
1783-05,14.1,6.7
1783-06,17.47,6.71
1783-07,18.95,8.77
1783-08,18.63,6.24
1783-09,14.4,7.69
1783-10,9.7,8.91
1783-11,5.75,8.96
1783-12,2.64,8.15
1784-01,2.23,7.52
1784-02,4.41,6.19
1784-03,6.6,7.49
1784-04,10.27,6.91
1784-05,14.2,7.89
1784-06,16.98,6.98
1784-07,18.78,8.23
1784-08,18.1,6.89
1784-09,14.83,7.42
1784-10,9.79,8.53
1784-11,5.37,7.06
1784-12,3.56,6.74
1785-01,2.71,6.23
1785-02,3.45,8.09
1785-03,6.51,7.3
1785-04,10.23,6.49
1785-05,13.62,7.98
1785-06,17.05,7.31
1785-07,18.48,8.28
1785-08,18.19,8.16
1785-09,14.57,7.08
1785-10,9.7,7.67
1785-11,5.98,8.87
1785-12,3.04,8.06
1786-01,2.83,5.94
1786-02,4.37,8.87
1786-03,6.37,7.71
1786-04,10.0,7.72
1786-05,13.89,8.06
1786-06,17.16,8.05
1786-07,19.0,6.93
1786-08,18.63,6.08
1786-09,14.17,6.32
1786-10,9.71,7.39
1786-11,5.81,7.88
1786-12,2.8,7.51
1787-01,2.32,6.72
1787-02,3.85,7.31
1787-03,6.53,7.15
1787-04,10.82,7.97
1787-05,13.77,6.3
1787-06,17.08,8.2
1787-07,19.35,6.8
1787-08,17.74,6.99
1787-09,15.11,6.72
1787-10,10.21,7.52
1787-11,5.63,6.01
1787-12,2.89,7.28
1788-01,2.58,6.17
1788-02,3.95,8.59
1788-03,6.77,7.73
1788-04,10.64,8.79
1788-05,13.58,6.44
1788-06,16.87,8.74
1788-07,18.42,7.47
1788-08,18.13,7.74
1788-09,14.44,8.66
1788-10,9.78,7.04
1788-11,5.78,6.46
1788-12,3.27,8.34
1789-01,2.19,7.86
1789-02,4.34,7.71
1789-03,6.46,8.41
1789-04,10.14,7.45
1789-05,13.85,6.21
1789-06,17.01,8.68
1789-07,18.99,8.7
1789-08,17.76,7.14
1789-09,14.21,8.08
1789-10,9.83,8.1
1789-11,5.72,7.77
1789-12,3.05,8.01
1790-01,2.91,7.77
1790-02,3.63,6.39
1790-03,6.93,8.38
1790-04,10.16,7.04
1790-05,13.9,7.68
1790-06,17.06,6.79
1790-07,19.28,7.55
1790-08,18.43,6.56
1790-09,14.79,6.91
1790-10,10.04,6.27
1790-11,5.66,5.99
1790-12,2.79,7.72
1791-01,2.9,7.77
1791-02,3.86,7.25
1791-03,6.37,6.76
1791-04,10.07,6.45
1791-05,14.34,6.15
1791-06,17.11,6.18
1791-07,18.95,6.92
1791-08,18.41,8.53
1791-09,14.23,8.68
1791-10,10.06,7.89
1791-11,6.06,8.64
1791-12,3.33,6.51
1792-01,3.03,6.76
1792-02,3.67,6.91
1792-03,6.73,8.47
1792-04,10.41,6.67
1792-05,14.24,8.68
1792-06,17.56,8.26
1792-07,18.79,6.72
1792-08,18.03,7.91
1792-09,14.75,5.85
1792-10,10.23,7.66
1792-11,5.95,8.69
1792-12,3.38,5.8
1793-01,2.19,8.51
1793-02,3.53,5.9
1793-03,6.89,6.0
1793-04,10.21,6.28
1793-05,13.73,6.28
1793-06,17.12,5.78
1793-07,18.44,6.36
1793-08,18.0,6.12
1793-09,14.34,8.57
1793-10,10.21,7.45
1793-11,5.84,6.42
1793-12,3.09,7.09
1794-01,2.84,6.73
1794-02,4.35,8.31
1794-03,6.32,7.03
1794-04,10.41,8.14
1794-05,13.62,6.35
1794-06,17.04,8.29
1794-07,18.64,7.55
1794-08,17.77,6.38
1794-09,14.86,6.8
1794-10,9.84,8.32
1794-11,5.42,8.43
1794-12,2.69,5.87
1795-01,2.92,6.49
1795-02,4.25,7.73
1795-03,6.83,7.2
1795-04,10.13,8.2
1795-05,14.39,8.23
1795-06,17.09,6.96
1795-07,18.42,8.0
1795-08,17.74,5.97
1795-09,15.08,6.82
1795-10,10.0,7.75
1795-11,5.9,5.68
1795-12,3.23,7.64
1796-01,3.15,7.8
1796-02,3.64,8.48
1796-03,7.04,7.32
1796-04,10.51,7.36
1796-05,14.18,8.19
1796-06,16.95,8.44
1796-07,18.83,8.22
1796-08,17.96,7.12
1796-09,14.45,7.62
1796-10,10.28,7.01
1796-11,5.31,7.01
1796-12,2.82,8.59
1797-01,2.81,7.2
1797-02,4.08,6.52
1797-03,6.93,8.3
1797-04,10.77,7.49
1797-05,14.36,7.32
1797-06,17.18,6.19
1797-07,18.61,7.53
1797-08,18.0,5.87
1797-09,15.06,6.33
1797-10,9.88,7.69
1797-11,5.5,7.2
1797-12,3.6,7.71
1798-01,2.47,8.19
1798-02,4.08,7.76
1798-03,6.92,5.88
1798-04,10.57,5.98
1798-05,14.38,5.98
1798-06,17.56,6.94
1798-07,19.35,8.14
1798-08,17.97,7.97
1798-09,14.28,7.4
1798-10,10.33,8.36
1798-11,5.53,6.51
1798-12,3.38,6.45
1799-01,2.44,8.46
1799-02,4.06,5.69
1799-03,6.72,6.64
1799-04,10.67,7.42
1799-05,13.76,8.06
1799-06,17.19,7.54
1799-07,18.61,5.74
1799-08,17.91,7.57
1799-09,14.71,7.58
1799-10,9.63,6.08
1799-11,5.28,6.6
1799-12,2.93,8.38
1800-01,3.01,7.76
1800-02,3.51,7.01
1800-03,6.21,7.65
1800-04,10.34,6.01
1800-05,13.8,6.4
1800-06,17.85,5.67
1800-07,19.29,8.44
1800-08,18.58,6.18
1800-09,15.06,6.59
1800-10,10.34,5.93
1800-11,6.19,8.18
1800-12,3.45,7.99
1801-01,2.78,6.05
1801-02,3.96,5.98
1801-03,7.02,5.91
1801-04,10.05,8.36
1801-05,14.06,7.11
1801-06,17.44,7.02
1801-07,18.46,5.74
1801-08,18.17,6.91
1801-09,15.02,8.38
1801-10,10.34,7.01
1801-11,5.39,6.74
1801-12,3.19,5.54
1802-01,2.9,8.41
1802-02,3.77,8.12
1802-03,6.59,7.33
1802-04,10.65,7.17
1802-05,14.04,5.96
1802-06,17.81,7.8
1802-07,18.91,6.65
1802-08,17.85,7.27
1802-09,14.99,8.13
1802-10,9.97,6.29
1802-11,5.35,5.78
1802-12,2.93,7.19
1803-01,2.91,8.05
1803-02,4.4,6.52
1803-03,6.93,6.02
1803-04,10.41,8.3
1803-05,13.92,7.7
1803-06,17.67,7.87
1803-07,19.01,7.67
1803-08,18.67,6.77
1803-09,14.42,6.55
1803-10,10.08,7.22
1803-11,5.56,7.37
1803-12,2.91,6.07
1804-01,2.99,7.3
1804-02,4.33,6.97
1804-03,6.96,5.9
1804-04,10.33,7.64
1804-05,14.26,5.94
1804-06,17.02,6.32
1804-07,18.68,7.38
1804-08,17.73,7.38
1804-09,14.62,7.84
1804-10,10.17,7.94
1804-11,5.78,8.25
1804-12,3.7,8.25
1805-01,2.61,8.24
1805-02,4.3,8.18
1805-03,7.14,7.37
1805-04,10.28,8.05
1805-05,13.57,7.91
1805-06,16.93,6.57
1805-07,18.59,7.31
1805-08,18.65,6.02
1805-09,14.88,7.12
1805-10,9.79,5.84
1805-11,5.76,6.91
1805-12,3.72,7.0
1806-01,2.53,6.17
1806-02,3.55,5.51
1806-03,6.28,7.51
1806-04,10.87,8.04
1806-05,14.07,5.45
1806-06,17.89,8.31
1806-07,18.93,7.15
1806-08,18.24,5.7
1806-09,14.49,6.33
1806-10,9.94,7.19
1806-11,5.78,8.0
1806-12,2.94,7.05
1807-01,3.2,6.03
1807-02,3.7,6.1
1807-03,6.85,5.45
1807-04,10.27,6.85
1807-05,13.56,6.73
1807-06,17.82,6.39
1807-07,18.78,6.26
1807-08,18.28,6.38
1807-09,14.83,7.49
1807-10,9.64,7.31
1807-11,6.13,5.82
1807-12,3.71,6.05
1808-01,2.74,6.26
1808-02,4.2,7.25
1808-03,6.7,7.38
1808-04,10.68,6.94
1808-05,14.1,7.88
1808-06,17.26,6.74
1808-07,19.05,7.85
1808-08,18.16,6.33
1808-09,14.73,7.82
1808-10,10.12,7.19
1808-11,6.13,6.92
1808-12,3.26,6.13
1809-01,3.15,6.71
1809-02,3.81,5.58
1809-03,6.41,6.71
1809-04,10.08,7.25
1809-05,13.9,5.44
1809-06,17.73,7.79
1809-07,18.79,6.54
1809-08,18.7,7.23
1809-09,14.67,7.35
1809-10,10.49,5.75
1809-11,6.15,5.95
1809-12,3.73,6.8
1810-01,2.42,7.14
1810-02,3.54,8.06
1810-03,7.23,7.54
1810-04,10.19,5.31
1810-05,14.27,7.9
1810-06,17.42,6.34
1810-07,18.62,5.34
1810-08,18.17,5.91
1810-09,14.76,7.64
1810-10,10.15,5.39
1810-11,5.87,6.81
1810-12,2.76,7.39
1811-01,2.33,5.63
1811-02,4.43,7.3
1811-03,7.06,6.4
1811-04,10.0,5.86
1811-05,14.17,5.22
1811-06,17.33,7.69
1811-07,18.63,6.72
1811-08,18.61,5.42
1811-09,14.54,5.33
1811-10,10.01,6.79
1811-11,5.7,6.1
1811-12,2.84,6.43
1812-01,2.99,5.84
1812-02,4.15,6.41
1812-03,6.75,6.28
1812-04,10.3,6.2
1812-05,14.19,7.4
1812-06,17.77,6.29
1812-07,18.53,6.7
1812-08,18.29,6.09
1812-09,14.74,6.84
1812-10,9.62,6.17
1812-11,5.28,6.39
1812-12,3.49,6.27
1813-01,2.7,5.96
1813-02,4.32,6.22
1813-03,7.07,6.56
1813-04,10.18,6.52
1813-05,14.21,5.35
1813-06,17.27,5.72
1813-07,18.53,5.75
1813-08,18.3,6.83
1813-09,15.13,7.22
1813-10,10.42,7.28
1813-11,5.73,5.66
1813-12,3.68,5.3
1814-01,2.71,6.0
1814-02,3.95,5.49
1814-03,6.44,5.92
1814-04,10.88,7.06
1814-05,13.66,7.76
1814-06,17.87,5.29
1814-07,19.43,6.07
1814-08,18.69,6.91
1814-09,14.63,8.03
1814-10,9.87,5.72
1814-11,5.34,7.62
1814-12,2.9,7.41
1815-01,2.53,7.53
1815-02,4.56,5.2
1815-03,6.38,6.91
1815-04,10.77,5.21
1815-05,14.33,5.44
1815-06,17.61,7.0
1815-07,18.52,7.48
1815-08,18.19,5.92
1815-09,14.27,7.1
1815-10,9.75,6.08
1815-11,6.18,5.87
1815-12,3.13,6.78
1816-01,2.69,6.42
1816-02,4.08,5.07
1816-03,6.69,5.17
1816-04,10.63,5.78
1816-05,13.72,6.05
1816-06,17.1,5.44
1816-07,19.08,5.95
1816-08,18.75,6.26
1816-09,14.79,7.47
1816-10,10.12,7.55
1816-11,5.78,6.09
1816-12,3.63,7.27
1817-01,2.99,5.71
1817-02,4.31,7.88
1817-03,6.94,5.51
1817-04,10.78,5.12
1817-05,14.21,5.19
1817-06,17.09,5.66
1817-07,18.92,5.27
1817-08,18.69,5.69
1817-09,15.16,5.11
1817-10,10.17,6.54
1817-11,5.4,7.01
1817-12,3.16,6.77
1818-01,2.88,6.45
1818-02,4.41,7.64
1818-03,6.75,6.07
1818-04,10.77,5.68
1818-05,14.27,6.95
1818-06,17.73,7.45
1818-07,18.84,6.8
1818-08,17.83,5.01
1818-09,15.15,7.69
1818-10,10.13,7.72
1818-11,5.75,5.06
1818-12,3.25,6.76
1819-01,2.81,6.99
1819-02,4.31,5.88
1819-03,6.52,5.71
1819-04,10.34,5.31
1819-05,13.99,4.99
1819-06,17.15,7.53
1819-07,18.49,7.17
1819-08,18.23,6.47
1819-09,15.2,5.42
1819-10,10.21,6.11
1819-11,6.16,6.03
1819-12,3.39,7.51
1820-01,2.81,5.99
1820-02,3.91,7.05
1820-03,6.57,6.48
1820-04,10.3,5.86
1820-05,13.85,7.18
1820-06,17.36,5.49
1820-07,19.04,6.68
1820-08,17.81,7.85
1820-09,15.21,7.36
1820-10,10.39,7.23
1820-11,6.07,7.03
1820-12,3.78,7.84
1821-01,2.58,7.19
1821-02,3.69,6.72
1821-03,7.15,7.16
1821-04,10.26,5.94
1821-05,14.06,7.82
1821-06,17.54,7.76
1821-07,18.63,6.1
1821-08,17.84,4.99
1821-09,15.18,6.12
1821-10,9.67,6.74
1821-11,6.25,5.36
1821-12,2.92,5.48
1822-01,2.54,5.09
1822-02,3.95,4.89
1822-03,6.29,6.7
1822-04,10.48,5.17
1822-05,14.03,5.49
1822-06,17.31,5.56
1822-07,18.56,7.64
1822-08,18.38,6.14
1822-09,15.26,5.53
1822-10,10.25,5.14
1822-11,5.79,5.64
1822-12,3.39,7.76
1823-01,2.58,5.76
1823-02,3.73,6.91
1823-03,7.23,5.24
1823-04,10.05,6.02
1823-05,14.08,6.74
1823-06,17.74,5.55
1823-07,18.96,5.03
1823-08,17.98,6.51
1823-09,14.64,5.02
1823-10,9.79,7.09
1823-11,5.78,6.55
1823-12,3.68,6.29
1824-01,2.52,7.3
1824-02,4.37,5.87
1824-03,6.77,6.99
1824-04,10.48,5.44
1824-05,14.31,6.7
1824-06,17.46,6.27
1824-07,19.39,6.16
1824-08,18.4,5.64
1824-09,15.1,6.48
1824-10,9.93,4.99
1824-11,5.89,4.89
1824-12,2.82,6.85
1825-01,2.61,5.36
1825-02,4.44,5.19
1825-03,7.22,4.91
1825-04,10.78,7.01
1825-05,14.33,6.65
1825-06,17.46,7.36
1825-07,19.32,7.53
1825-08,18.24,5.27
1825-09,14.38,7.45
1825-10,9.63,5.76
1825-11,5.47,4.77
1825-12,3.66,5.1
1826-01,2.62,5.6
1826-02,4.59,5.0
1826-03,6.52,6.53
1826-04,10.76,5.91
1826-05,14.22,7.69
1826-06,17.2,4.97
1826-07,18.62,5.43
1826-08,18.03,4.95
1826-09,14.94,4.85
1826-10,9.98,7.05
1826-11,6.13,7.36
1826-12,3.24,5.84
1827-01,2.9,6.45
1827-02,4.38,5.24
1827-03,7.07,5.85
1827-04,10.32,5.69
1827-05,14.0,5.81
1827-06,17.89,5.51
1827-07,18.77,7.05
1827-08,18.32,5.18
1827-09,14.43,5.85
1827-10,9.65,6.29
1827-11,5.48,5.71
1827-12,3.04,5.71
1828-01,2.81,5.34
1828-02,4.39,7.27
1828-03,6.65,7.08
1828-04,10.76,7.01
1828-05,13.88,7.18
1828-06,17.13,6.38
1828-07,18.74,6.45
1828-08,17.86,6.94
1828-09,15.25,5.35
1828-10,10.03,6.84
1828-11,6.01,4.7
1828-12,3.62,6.27
1829-01,3.04,5.61
1829-02,3.76,6.8
1829-03,6.86,4.78
1829-04,10.34,5.37
1829-05,14.32,5.87
1829-06,17.65,5.75
1829-07,19.01,6.36
1829-08,18.09,6.47
1829-09,14.46,5.39
1829-10,9.73,6.08
1829-11,6.29,6.22
1829-12,3.55,5.57
1830-01,2.97,6.29
1830-02,3.85,7.3
1830-03,6.79,6.89
1830-04,10.03,6.54
1830-05,14.57,7.51
1830-06,17.7,5.25
1830-07,19.1,5.96
1830-08,17.85,5.93
1830-09,14.98,4.99
1830-10,10.31,7.54
1830-11,5.87,5.57
1830-12,3.53,5.34
1831-01,3.32,6.61
1831-02,3.77,7.44
1831-03,6.59,7.38
1831-04,10.94,7.05
1831-05,13.95,7.43
1831-06,17.08,5.99
1831-07,18.78,4.61
1831-08,17.89,4.83
1831-09,14.5,6.56
1831-10,10.36,7.07
1831-11,5.72,6.4
1831-12,3.75,5.66
1832-01,2.65,6.16
1832-02,4.42,6.97
1832-03,6.98,4.96
1832-04,10.86,7.14
1832-05,14.42,7.13
1832-06,17.86,4.93
1832-07,19.37,5.6
1832-08,18.42,6.93
1832-09,15.3,6.85
1832-10,10.14,6.39
1832-11,5.71,6.84
1832-12,3.65,4.64
1833-01,2.9,5.52
1833-02,4.62,6.88
1833-03,6.76,7.42
1833-04,10.52,4.54
1833-05,14.31,5.68
1833-06,17.68,5.19
1833-07,19.29,5.84
1833-08,18.61,5.06
1833-09,14.92,6.92
1833-10,10.27,6.5
1833-11,6.12,5.29
1833-12,3.81,4.57
1834-01,3.07,4.76
1834-02,4.34,5.09
1834-03,7.22,4.56
1834-04,10.67,6.82
1834-05,14.16,5.77
1834-06,17.22,4.62
1834-07,18.67,5.14
1834-08,18.56,4.95
1834-09,14.85,6.43
1834-10,9.77,5.16
1834-11,5.92,5.19
1834-12,3.46,6.92
1835-01,3.22,7.27
1835-02,4.29,4.6
1835-03,6.56,5.89
1835-04,11.02,6.64
1835-05,14.25,7.43
1835-06,17.8,5.25
1835-07,18.71,5.12
1835-08,18.29,5.89
1835-09,14.88,4.74
1835-10,10.12,5.56
1835-11,5.92,4.78
1835-12,3.64,5.21
1836-01,3.05,6.98
1836-02,4.16,7.0
1836-03,6.35,7.12
1836-04,10.8,7.08
1836-05,13.89,4.89
1836-06,17.55,6.8
1836-07,18.95,6.55
1836-08,18.19,4.78
1836-09,14.68,4.71
1836-10,10.54,5.38
1836-11,6.15,4.81
1836-12,3.79,6.8
1837-01,3.02,6.73
1837-02,4.58,6.61
1837-03,6.78,4.46
1837-04,10.49,6.55
1837-05,14.19,5.83
1837-06,17.85,4.59
1837-07,19.01,5.74
1837-08,18.79,4.76
1837-09,14.75,6.07
1837-10,10.37,4.59
1837-11,5.85,4.84
1837-12,3.44,5.81
1838-01,2.92,5.92
1838-02,4.31,4.99
1838-03,6.58,7.35
1838-04,10.29,5.89
1838-05,13.95,6.08
1838-06,17.19,4.89
1838-07,18.76,4.81
1838-08,17.93,5.7
1838-09,15.29,5.87
1838-10,10.06,6.21
1838-11,5.55,5.97
1838-12,3.57,7.11
1839-01,2.42,4.42
1839-02,4.03,5.41
1839-03,7.08,4.74
1839-04,10.79,6.54
1839-05,13.84,4.49
1839-06,17.37,7.15
1839-07,18.71,5.66
1839-08,18.78,7.16
1839-09,15.12,5.45
1839-10,10.25,4.37
1839-11,5.87,5.84
1839-12,3.8,6.81
1840-01,2.74,6.72
1840-02,3.81,5.32
1840-03,7.2,4.47
1840-04,10.75,5.24
1840-05,14.3,5.24
1840-06,17.85,5.94
1840-07,18.56,4.4
1840-08,18.43,7.17
1840-09,15.19,4.63
1840-10,10.04,7.26
1840-11,5.44,6.04
1840-12,3.38,4.74
1841-01,3.28,4.42
1841-02,3.88,6.51
1841-03,6.94,6.79
1841-04,10.5,6.29
1841-05,14.64,5.76
1841-06,17.13,4.69
1841-07,18.67,5.98
1841-08,18.02,6.3
1841-09,14.63,4.54
1841-10,10.65,6.8
1841-11,6.24,5.1
1841-12,2.99,6.55
1842-01,3.26,5.45
1842-02,3.85,5.66
1842-03,7.15,6.75
1842-04,10.16,5.15
1842-05,14.09,5.39
1842-06,17.45,6.03
1842-07,19.32,5.2
1842-08,18.27,5.79
1842-09,15.2,4.83
1842-10,9.73,7.12
1842-11,5.69,4.4
1842-12,3.64,5.67
1843-01,2.78,5.3
1843-02,4.07,5.78
1843-03,6.68,6.02
1843-04,10.98,6.47
1843-05,13.84,5.92
1843-06,17.63,6.77
1843-07,18.6,6.7
1843-08,18.18,5.41
1843-09,14.68,4.25
1843-10,9.91,6.66
1843-11,5.87,6.43
1843-12,3.32,6.59
1844-01,2.92,6.01
1844-02,4.6,4.99
1844-03,7.0,6.89
1844-04,10.12,6.06
1844-05,14.39,7.04
1844-06,17.12,6.24
1844-07,18.61,4.39
1844-08,18.02,6.97
1844-09,15.26,5.2
1844-10,9.8,5.52
1844-11,6.26,5.0
1844-12,3.31,5.09
1845-01,2.69,5.91
1845-02,3.75,4.16
1845-03,7.11,5.7
1845-04,10.77,6.15
1845-05,13.79,7.1
1845-06,17.3,4.41
1845-07,18.98,4.8
1845-08,18.28,4.5
1845-09,14.7,5.44
1845-10,9.88,6.08
1845-11,5.58,6.76
1845-12,3.04,5.97
1846-01,3.37,4.18
1846-02,4.59,6.21
1846-03,7.26,6.55
1846-04,10.16,6.27
1846-05,14.65,4.23
1846-06,17.21,6.74
1846-07,19.25,4.78
1846-08,18.79,5.75
1846-09,14.93,6.84
1846-10,9.98,6.11
1846-11,5.55,6.95
1846-12,3.44,5.21
1847-01,3.26,5.91
1847-02,3.97,4.2
1847-03,6.93,6.14
1847-04,10.15,6.15
1847-05,14.27,4.84
1847-06,18.0,5.25
1847-07,19.29,4.29
1847-08,18.55,5.39
1847-09,14.47,4.64
1847-10,10.07,4.64
1847-11,5.42,4.15
1847-12,2.94,4.45
1848-01,2.66,6.87
1848-02,3.71,5.48
1848-03,7.21,6.85
1848-04,10.88,4.11
1848-05,14.35,4.65
1848-06,17.18,5.34
1848-07,19.43,5.59
1848-08,18.22,4.77
1848-09,14.73,6.43
1848-10,10.08,6.16
1848-11,6.24,4.19
1848-12,2.91,6.25
1849-01,2.96,4.07
1849-02,4.39,5.23
1849-03,6.81,4.53
1849-04,10.98,4.2
1849-05,13.81,6.26
1849-06,17.84,4.09
1849-07,18.71,4.08
1849-08,18.14,5.23
1849-09,14.66,6.94
1849-10,10.41,6.88
1849-11,6.1,6.36
1849-12,3.42,6.13
1850-01,2.82,5.13
1850-02,4.36,6.58
1850-03,7.0,4.02
1850-04,10.49,6.01
1850-05,13.97,6.39
1850-06,17.68,6.09
1850-07,19.19,6.95
1850-08,17.93,4.13
1850-09,14.6,5.9
1850-10,10.34,6.62
1850-11,5.72,4.57
1850-12,3.39,6.5
1851-01,2.5,6.97
1851-02,4.53,5.21
1851-03,7.4,5.67
1851-04,10.9,5.44
1851-05,13.95,4.08
1851-06,17.35,6.76
1851-07,19.27,4.54
1851-08,18.53,5.21
1851-09,14.97,5.37
1851-10,9.79,5.77
1851-11,5.79,4.77
1851-12,3.4,5.07
1852-01,2.91,5.84
1852-02,4.0,5.34
1852-03,6.73,4.32
1852-04,10.12,6.58
1852-05,14.18,6.51
1852-06,17.39,5.32
1852-07,19.59,6.93
1852-08,18.14,4.14
1852-09,15.16,4.74
1852-10,9.88,6.78
1852-11,5.82,4.83
1852-12,3.45,4.91
1853-01,3.15,5.49
1853-02,4.61,6.43
1853-03,7.2,4.92
1853-04,10.53,6.12
1853-05,14.6,5.4
1853-06,18.04,4.44
1853-07,19.29,6.54
1853-08,18.04,6.29
1853-09,14.77,4.72
1853-10,9.89,6.8
1853-11,5.45,5.14
1853-12,3.0,6.25
1854-01,3.02,6.37
1854-02,4.01,4.5
1854-03,6.5,4.2
1854-04,11.1,5.03
1854-05,14.38,6.31
1854-06,18.02,5.97
1854-07,19.51,6.02
1854-08,18.0,6.21
1854-09,14.84,4.74
1854-10,10.41,6.23
1854-11,5.46,5.38
1854-12,3.68,6.65
1855-01,2.68,5.61
1855-02,4.47,6.58
1855-03,6.62,5.27
1855-04,10.19,6.57
1855-05,14.18,5.65
1855-06,17.57,4.32
1855-07,19.55,4.99
1855-08,18.64,4.96
1855-09,14.96,5.11
1855-10,10.18,4.16
1855-11,6.06,4.85
1855-12,3.1,3.98
1856-01,2.83,6.62
1856-02,3.96,5.56
1856-03,6.74,6.76
1856-04,10.83,4.15
1856-05,14.25,4.37
1856-06,18.03,4.17
1856-07,19.45,6.06
1856-08,18.57,5.05
1856-09,14.54,3.93
1856-10,9.9,6.3
1856-11,5.77,6.48
1856-12,3.66,4.97
1857-01,2.53,5.75
1857-02,3.79,5.04
1857-03,7.41,5.17
1857-04,10.38,5.25
1857-05,14.2,4.85
1857-06,17.67,5.4
1857-07,19.54,5.86
1857-08,18.24,3.84
1857-09,15.02,5.7
1857-10,10.54,6.78
1857-11,6.0,5.46
1857-12,3.55,5.15
1858-01,3.0,5.5
1858-02,4.7,5.86
1858-03,6.93,3.77
1858-04,10.58,6.34
1858-05,13.94,5.53
1858-06,17.97,3.98
1858-07,18.64,6.57
1858-08,18.26,4.33
1858-09,14.51,6.73
1858-10,9.75,4.77
1858-11,5.8,5.41
1858-12,3.63,4.42
1859-01,3.05,4.49
1859-02,3.95,5.49
1859-03,6.9,5.76
1859-04,11.09,4.17
1859-05,14.53,5.94
1859-06,17.87,3.94
1859-07,19.02,5.7
1859-08,18.28,4.44
1859-09,14.61,4.65
1859-10,10.11,5.3
1859-11,5.91,5.98
1859-12,3.87,6.64
1860-01,3.06,5.12
1860-02,3.75,5.83
1860-03,7.05,4.99
1860-04,10.15,4.99
1860-05,14.65,4.44
1860-06,17.42,4.32
1860-07,19.05,3.85
1860-08,18.03,4.65
1860-09,15.1,5.29
1860-10,10.22,5.4
1860-11,5.74,6.18
1860-12,3.39,4.83
1861-01,3.43,5.99
1861-02,3.98,4.78
1861-03,7.11,5.36
1861-04,10.83,5.19
1861-05,13.75,3.72
1861-06,17.91,4.21
1861-07,18.86,5.35
1861-08,18.57,4.72
1861-09,15.01,4.27
1861-10,9.89,3.74
1861-11,6.15,4.44
1861-12,3.93,5.35
1862-01,2.9,5.53
1862-02,3.85,6.14
1862-03,6.87,6.05
1862-04,10.64,6.5
1862-05,14.73,5.67
1862-06,17.26,3.95
1862-07,19.58,4.52
1862-08,18.79,4.22
1862-09,15.15,4.34
1862-10,9.96,4.52
1862-11,6.37,4.33
1862-12,3.63,5.26
1863-01,2.88,5.32
1863-02,3.85,5.41
1863-03,6.64,5.24
1863-04,10.32,6.32
1863-05,14.28,3.66
1863-06,17.86,4.33
1863-07,19.1,3.81
1863-08,18.67,4.93
1863-09,14.99,3.99
1863-10,10.11,5.56
1863-11,5.75,4.62
1863-12,3.05,5.88
1864-01,3.21,3.95
1864-02,4.72,3.95
1864-03,7.16,5.0
1864-04,10.71,3.83
1864-05,14.03,5.07
1864-06,17.65,4.21
1864-07,19.55,6.23
1864-08,18.82,4.09
1864-09,14.56,4.46
1864-10,10.51,4.31
1864-11,5.91,4.84
1864-12,3.07,4.23
1865-01,3.46,4.95
1865-02,3.92,3.73
1865-03,6.91,5.84
1865-04,10.47,6.13
1865-05,14.09,5.94
1865-06,17.44,5.66
1865-07,19.08,3.95
1865-08,18.71,4.06
1865-09,15.1,4.67
1865-10,9.78,5.79
1865-11,6.4,5.29
1865-12,3.04,5.17
1866-01,2.5,5.71
1866-02,4.21,5.58
1866-03,6.6,5.82
1866-04,10.3,5.3
1866-05,13.91,6.49
1866-06,17.31,3.87
1866-07,19.35,6.37
1866-08,18.5,4.9
1866-09,15.27,6.41
1866-10,10.26,3.8
1866-11,6.38,6.04
1866-12,3.71,5.0
1867-01,2.91,5.34
1867-02,3.8,5.56
1867-03,6.71,4.47
1867-04,10.68,5.24
1867-05,13.8,5.56
1867-06,18.11,4.97
1867-07,18.97,4.44
1867-08,18.88,4.88
1867-09,14.88,5.15
1867-10,10.07,6.02
1867-11,6.27,4.82
1867-12,3.95,3.92
1868-01,3.28,5.03
1868-02,4.31,4.27
1868-03,7.38,5.29
1868-04,10.49,6.07
1868-05,14.47,6.34
1868-06,17.65,4.5
1868-07,19.16,4.36
1868-08,18.36,5.27
1868-09,15.45,3.67
1868-10,10.46,4.03
1868-11,6.33,5.12
1868-12,3.37,5.83
1869-01,2.5,5.89
1869-02,4.71,3.81
1869-03,7.24,5.69
1869-04,11.11,4.6
1869-05,14.25,5.56
1869-06,17.58,5.05
1869-07,19.33,3.59
1869-08,18.85,6.03
1869-09,15.01,4.14
1869-10,9.99,4.75
1869-11,5.86,5.05
1869-12,3.63,5.84
1870-01,3.18,5.66
1870-02,4.47,4.74
1870-03,6.52,4.62
1870-04,10.99,4.54
1870-05,13.83,5.13
1870-06,17.51,3.58
1870-07,19.6,5.11
1870-08,18.81,5.94
1870-09,14.81,4.65
1870-10,10.4,4.18
1870-11,6.23,5.35
1870-12,3.26,3.89
1871-01,2.51,5.85
1871-02,3.85,3.97
1871-03,6.51,4.19
1871-04,10.88,4.2
1871-05,13.89,5.97
1871-06,17.62,4.11
1871-07,19.41,3.83
1871-08,18.5,4.14
1871-09,15.13,3.62
1871-10,9.79,6.01
1871-11,6.07,6.03
1871-12,3.61,3.56
1872-01,3.4,6.08
1872-02,4.46,5.29
1872-03,7.08,5.17
1872-04,11.17,6.28
1872-05,14.71,4.2
1872-06,18.11,4.08
1872-07,19.46,3.6
1872-08,18.14,3.87
1872-09,14.52,5.52
1872-10,10.14,5.88
1872-11,5.6,3.63
1872-12,3.51,5.63
1873-01,2.63,4.43
1873-02,3.95,5.79
1873-03,7.12,3.8
1873-04,10.21,4.96
1873-05,14.42,5.89
1873-06,18.15,6.07
1873-07,18.91,5.1
1873-08,18.44,5.43
1873-09,14.92,4.41
1873-10,9.89,4.71
1873-11,6.37,3.93
1873-12,3.14,4.46
1874-01,3.05,4.59
1874-02,4.79,5.87
1874-03,6.88,5.77
1874-04,10.44,4.65
1874-05,14.6,4.55
1874-06,17.44,3.88
1874-07,19.06,3.31
1874-08,18.64,3.47
1874-09,14.52,4.58
1874-10,10.74,3.97
1874-11,6.19,5.63
1874-12,3.2,6.22
1875-01,3.0,4.78
1875-02,3.9,4.68
1875-03,7.15,3.27
1875-04,11.06,5.38
1875-05,14.06,5.73
1875-06,17.35,3.3
1875-07,19.07,3.54
1875-08,18.98,3.33
1875-09,14.87,5.39
1875-10,10.38,4.85
1875-11,5.83,5.56
1875-12,3.76,5.7
1876-01,3.34,5.98
1876-02,4.55,4.24
1876-03,7.17,3.32
1876-04,10.9,3.86
1876-05,14.31,3.96
1876-06,18.19,3.58
1876-07,18.77,4.36
1876-08,18.73,4.5
1876-09,14.79,5.6
1876-10,10.17,6.11
1876-11,6.5,3.55
1876-12,3.4,3.82
1877-01,2.88,4.86
1877-02,4.25,4.22
1877-03,7.31,4.36
1877-04,11.07,5.09
1877-05,14.52,4.46
1877-06,17.5,4.16
1877-07,19.07,4.74
1877-08,18.47,5.97
1877-09,14.65,4.63
1877-10,10.04,5.21
1877-11,6.46,3.95
1877-12,3.86,5.89
1878-01,3.4,3.46
1878-02,4.14,4.47
1878-03,7.19,4.84
1878-04,10.6,6.01
1878-05,14.25,5.49
1878-06,17.82,3.78
1878-07,19.65,5.46
1878-08,18.75,5.15
1878-09,14.85,4.58
1878-10,10.6,4.17
1878-11,5.64,5.83
1878-12,3.09,3.8
1879-01,2.55,5.39
1879-02,4.39,3.7
1879-03,7.17,4.0
1879-04,10.28,5.23
1879-05,13.83,5.33
1879-06,17.35,5.05
1879-07,18.84,5.23
1879-08,19.01,5.78
1879-09,15.26,3.13
1879-10,10.26,5.47
1879-11,6.51,5.97
1879-12,3.12,4.06
1880-01,2.85,5.71
1880-02,4.68,4.6
1880-03,7.19,5.49
1880-04,11.18,5.12
1880-05,14.3,5.28
1880-06,18.13,5.11
1880-07,19.54,5.33
1880-08,18.05,4.72
1880-09,14.77,5.76
1880-10,10.78,3.26
1880-11,6.24,5.51
1880-12,3.27,4.76
1881-01,2.64,5.19
1881-02,4.21,4.71
1881-03,7.44,3.45
1881-04,11.17,6.05
1881-05,14.11,3.38
1881-06,18.16,4.9
1881-07,18.76,4.27
1881-08,18.5,4.2
1881-09,14.81,5.41
1881-10,10.27,5.66
1881-11,6.52,4.89
1881-12,3.55,4.8
1882-01,2.66,5.18
1882-02,4.64,5.94
1882-03,7.22,3.24
1882-04,10.93,3.7
1882-05,14.66,5.79
1882-06,18.07,4.34
1882-07,18.96,3.53
1882-08,18.5,4.81
1882-09,14.93,3.88
1882-10,10.29,3.16
1882-11,6.05,5.58
1882-12,3.85,4.75
1883-01,3.17,5.77
1883-02,4.7,3.66
1883-03,6.82,3.22
1883-04,10.83,4.32
1883-05,14.16,3.54
1883-06,18.12,5.54
1883-07,19.66,4.82
1883-08,18.98,3.16
1883-09,15.28,5.37
1883-10,10.36,3.98
1883-11,6.49,3.81
1883-12,4.03,5.74
1884-01,3.25,5.81
1884-02,4.16,5.66
1884-03,7.4,3.45
1884-04,10.41,2.99
1884-05,14.84,5.28
1884-06,17.96,3.85
1884-07,19.69,4.64
1884-08,18.05,4.09
1884-09,14.87,3.61
1884-10,10.29,4.27
1884-11,5.61,5.07
1884-12,3.56,5.57
1885-01,3.4,5.01
1885-02,3.87,4.47
1885-03,6.93,3.17
1885-04,10.47,5.86
1885-05,14.29,3.87
1885-06,17.45,5.06
1885-07,19.06,5.91
1885-08,18.83,4.27
1885-09,14.73,4.12
1885-10,10.67,4.32
1885-11,5.89,4.67
1885-12,3.9,3.53
1886-01,3.5,4.6
1886-02,4.59,3.73
1886-03,7.38,5.29
1886-04,11.09,3.96
1886-05,14.19,4.1
1886-06,17.34,3.4
1886-07,19.1,5.17
1886-08,18.58,5.79
1886-09,15.47,3.25
1886-10,9.94,4.8
1886-11,5.77,5.8
1886-12,3.1,3.84
1887-01,3.45,5.27
1887-02,4.68,3.57
1887-03,7.41,5.59
1887-04,10.72,5.84
1887-05,14.12,4.91
1887-06,17.5,5.62
1887-07,18.92,5.78
1887-08,18.75,3.4
1887-09,14.62,5.47
1887-10,10.18,4.5
1887-11,6.33,3.01
1887-12,3.28,4.15
1888-01,3.17,3.46
1888-02,3.86,3.64
1888-03,6.77,3.25
1888-04,11.24,3.23
1888-05,13.87,3.62
1888-06,17.49,5.76
1888-07,19.33,5.18
1888-08,18.39,4.52
1888-09,14.55,2.86
1888-10,10.41,3.98
1888-11,6.31,5.58
1888-12,3.76,4.89
1889-01,2.75,4.86
1889-02,4.83,4.47
1889-03,7.24,2.98
1889-04,10.27,4.26
1889-05,14.13,4.76
1889-06,17.38,4.0
1889-07,18.98,3.42
1889-08,18.65,5.25
1889-09,14.66,3.1
1889-10,10.17,3.61
1889-11,6.17,5.44
1889-12,3.55,3.3
1890-01,2.64,4.66
1890-02,4.76,5.1
1890-03,7.3,3.04
1890-04,10.85,5.13
1890-05,14.23,3.6
1890-06,18.11,5.55
1890-07,18.77,3.45
1890-08,18.53,3.68
1890-09,14.82,5.45
1890-10,10.1,4.04
1890-11,5.6,3.88
1890-12,3.76,2.87
1891-01,2.87,5.39
1891-02,4.49,4.58
1891-03,7.36,3.24
1891-04,10.37,5.44
1891-05,14.02,4.95
1891-06,17.28,4.89
1891-07,18.79,3.42
1891-08,18.29,3.14
1891-09,14.84,5.29
1891-10,10.74,4.27
1891-11,5.6,3.62
1891-12,3.85,5.59
1892-01,2.82,4.3
1892-02,4.02,2.85
1892-03,7.18,5.27
1892-04,11.12,3.6
1892-05,14.52,3.31
1892-06,17.85,3.77
1892-07,18.91,5.45
1892-08,18.39,4.79
1892-09,15.24,4.26
1892-10,10.09,5.16
1892-11,6.33,4.13
1892-12,3.21,5.64
1893-01,2.91,4.91
1893-02,4.62,4.59
1893-03,6.6,3.46
1893-04,10.46,2.91
1893-05,14.23,3.34
1893-06,18.01,4.74
1893-07,19.41,3.1
1893-08,18.44,5.69
1893-09,14.73,3.62
1893-10,10.65,4.6
1893-11,6.33,4.58
1893-12,3.32,3.61
1894-01,3.24,5.08
1894-02,4.28,4.13
1894-03,6.72,4.0
1894-04,10.67,3.19
1894-05,13.91,4.79
1894-06,18.17,3.5
1894-07,19.6,4.49
1894-08,18.9,4.3
1894-09,15.21,4.3
1894-10,10.34,5.01
1894-11,5.58,4.82
1894-12,3.82,3.1
1895-01,3.44,4.99
1895-02,4.72,4.65
1895-03,7.49,3.78
1895-04,10.86,4.82
1895-05,14.3,3.73
1895-06,17.94,4.84
1895-07,19.28,3.38
1895-08,18.19,2.81
1895-09,15.07,3.51
1895-10,10.59,3.52
1895-11,5.9,4.91
1895-12,3.79,4.03
1896-01,2.96,3.38
1896-02,4.85,4.6
1896-03,6.82,4.73
1896-04,10.87,3.75
1896-05,14.19,4.4
1896-06,17.32,2.79
1896-07,19.08,4.42
1896-08,18.56,5.54
1896-09,15.05,4.5
1896-10,10.74,4.09
1896-11,5.59,4.44
1896-12,3.25,4.26
1897-01,3.03,4.64
1897-02,4.68,3.17
1897-03,7.45,5.04
1897-04,11.08,3.89
1897-05,14.03,3.24
1897-06,17.54,3.27
1897-07,19.75,4.07
1897-08,18.97,3.05
1897-09,15.54,4.78
1897-10,10.82,3.68
1897-11,6.04,4.3
1897-12,3.48,5.13
1898-01,3.15,3.34
1898-02,4.51,3.39
1898-03,7.28,3.18
1898-04,10.86,3.25
1898-05,14.41,4.8
1898-06,17.94,4.17
1898-07,19.73,2.66
1898-08,18.92,4.16
1898-09,14.63,4.61
1898-10,9.93,5.17
1898-11,6.25,4.5
1898-12,3.27,5.15
1899-01,2.98,3.69
1899-02,4.37,4.71
1899-03,6.68,4.78
1899-04,10.87,4.81
1899-05,14.09,5.31
1899-06,18.06,3.89
1899-07,19.59,3.99
1899-08,18.68,5.42
1899-09,15.36,4.96
1899-10,10.16,5.49
1899-11,5.68,3.47
1899-12,4.04,3.93
1900-01,3.42,4.71
1900-02,4.23,2.78
1900-03,6.66,2.8
1900-04,10.61,5.27
1900-05,13.91,3.82
1900-06,17.72,3.69
1900-07,19.64,5.3
1900-08,18.74,2.98
1900-09,14.75,4.99
1900-10,10.21,4.76
1900-11,5.79,4.34
1900-12,3.56,4.79
1901-01,2.76,3.62
1901-02,4.27,3.62
1901-03,7.06,2.8
1901-04,10.48,4.82
1901-05,14.34,3.71
1901-06,17.34,4.37
1901-07,19.18,3.88
1901-08,19.07,4.66
1901-09,15.59,3.25
1901-10,10.3,4.6
1901-11,5.82,2.63
1901-12,3.31,3.86
1902-01,3.47,4.93
1902-02,4.49,4.7
1902-03,7.3,3.31
1902-04,10.82,3.08
1902-05,14.03,5.26
1902-06,18.05,4.21
1902-07,18.9,4.87
1902-08,19.04,4.44
1902-09,15.5,5.01
1902-10,10.74,5.24
1902-11,5.64,2.44
1902-12,3.92,4.44
1903-01,2.75,4.14
1903-02,4.84,2.8
1903-03,7.31,4.08
1903-04,11.22,3.81
1903-05,14.69,5.25
1903-06,17.9,4.21
1903-07,19.12,4.51
1903-08,18.94,4.31
1903-09,14.98,4.31
1903-10,10.87,4.08
1903-11,6.18,4.12
1903-12,3.32,4.12
1904-01,2.94,4.67
1904-02,4.78,3.19
1904-03,7.35,5.05
1904-04,10.83,2.93
1904-05,14.28,4.01
1904-06,18.12,5.18
1904-07,19.28,4.59
1904-08,18.56,4.78
1904-09,14.79,3.59
1904-10,10.7,2.87
1904-11,6.32,3.72
1904-12,3.79,4.06
1905-01,2.96,4.68
1905-02,4.75,3.57
1905-03,7.28,3.78
1905-04,11.04,4.78
1905-05,14.08,3.65
1905-06,18.32,4.57
1905-07,19.53,5.17
1905-08,18.42,4.72
1905-09,15.09,4.43
1905-10,10.21,2.99
1905-11,5.79,3.57
1905-12,3.79,3.63
1906-01,3.37,5.02
1906-02,4.56,2.49
1906-03,6.84,4.81
1906-04,11.23,3.05
1906-05,14.85,2.54
1906-06,17.67,4.78
1906-07,19.63,4.87
1906-08,18.31,5.21
1906-09,15.26,3.17
1906-10,10.51,4.78
1906-11,6.45,2.74
1906-12,3.99,2.78
1907-01,2.72,2.58
1907-02,4.62,3.0
1907-03,7.5,3.42
1907-04,10.63,4.3
1907-05,14.05,5.09
1907-06,17.49,4.57
1907-07,19.2,5.22
1907-08,18.38,2.69
1907-09,14.95,4.33
1907-10,10.77,2.63
1907-11,5.95,3.21
1907-12,3.5,3.95
1908-01,3.4,2.78
1908-02,4.13,5.09
1908-03,7.1,4.89
1908-04,11.12,4.88
1908-05,14.71,5.12
1908-06,18.03,4.68
1908-07,18.98,4.51
1908-08,18.49,4.56
1908-09,15.41,4.41
1908-10,10.73,2.68
1908-11,6.15,2.72
1908-12,3.41,3.7
1909-01,3.13,4.16
1909-02,4.71,3.82
1909-03,7.58,2.25
1909-04,10.8,2.54
1909-05,14.77,3.9
1909-06,17.35,2.4
1909-07,19.59,3.5
1909-08,19.0,4.05
1909-09,15.41,5.2
1909-10,10.42,2.61
1909-11,5.67,3.05
1909-12,3.73,4.29
1910-01,3.43,3.81
1910-02,4.24,3.22
1910-03,6.64,3.21
1910-04,11.31,4.06
1910-05,14.54,4.41
1910-06,18.02,5.07
1910-07,19.44,5.04
1910-08,18.6,3.12
1910-09,14.93,4.92
1910-10,10.17,2.93
1910-11,6.54,2.41
1910-12,3.61,3.09
1911-01,2.8,4.49
1911-02,4.92,4.17
1911-03,7.37,3.53
1911-04,10.47,4.19
1911-05,14.14,3.52
1911-06,17.99,2.84
1911-07,19.19,2.46
1911-08,18.3,4.29
1911-09,15.24,3.95
1911-10,10.29,2.71
1911-11,6.44,3.89
1911-12,3.5,2.9
1912-01,3.59,4.41
1912-02,4.23,5.05
1912-03,6.95,5.07
1912-04,10.77,3.57
1912-05,14.36,2.66
1912-06,18.28,4.16
1912-07,19.53,2.46
1912-08,18.55,2.73
1912-09,15.45,4.49
1912-10,10.14,3.81
1912-11,5.94,3.35
1912-12,4.07,2.74
1913-01,2.74,3.06
1913-02,4.66,2.69
1913-03,6.86,2.29
1913-04,11.02,2.54
1913-05,13.97,4.24
1913-06,17.68,3.35
1913-07,19.76,2.33
1913-08,18.72,3.53
1913-09,14.92,4.18
1913-10,10.27,2.45
1913-11,6.65,3.58
1913-12,3.64,3.61
1914-01,3.27,4.81
1914-02,4.65,3.35
1914-03,7.16,2.91
1914-04,11.32,4.12
1914-05,14.32,4.62
1914-06,17.49,3.37
1914-07,19.25,4.52
1914-08,18.83,2.7
1914-09,15.64,3.44
1914-10,10.77,4.29
1914-11,5.73,4.54
1914-12,3.36,2.64
1915-01,3.64,3.43
1915-02,4.37,2.63
1915-03,7.33,3.86
1915-04,11.11,4.05
1915-05,14.09,4.88
1915-06,17.43,4.38
1915-07,19.03,3.74
1915-08,18.81,2.48
1915-09,15.39,3.12
1915-10,10.51,4.7
1915-11,6.57,3.87
1915-12,4.13,3.18
1916-01,3.52,3.17
1916-02,4.94,3.28
1916-03,7.56,2.26
1916-04,10.38,4.58
1916-05,14.65,4.44
1916-06,17.85,4.26
1916-07,19.55,2.05
1916-08,18.92,2.07
1916-09,15.01,3.86
1916-10,10.81,4.01
1916-11,6.49,3.54
1916-12,3.99,3.21
1917-01,3.16,2.03
1917-02,4.23,4.39
1917-03,6.71,3.15
1917-04,10.67,2.32
1917-05,14.56,3.52
1917-06,17.66,4.94
1917-07,19.54,3.07
1917-08,18.79,4.09
1917-09,15.1,3.51
1917-10,10.47,3.42
1917-11,6.24,3.09
1917-12,3.47,2.23
1918-01,3.2,2.05
1918-02,4.58,2.67
1918-03,6.88,4.53
1918-04,10.54,4.59
1918-05,14.75,4.54
1918-06,18.14,4.51
1918-07,19.24,3.32
1918-08,18.9,4.94
1918-09,14.95,4.78
1918-10,10.6,4.55
1918-11,5.97,3.41
1918-12,3.8,2.51
1919-01,3.19,2.06
1919-02,4.33,4.34
1919-03,7.4,3.5
1919-04,10.89,3.88
1919-05,14.0,4.39
1919-06,18.24,2.81
1919-07,19.86,2.09
1919-08,18.93,3.94
1919-09,15.3,2.29
1919-10,10.25,2.59
1919-11,6.42,2.75
1919-12,3.98,4.5
1920-01,2.98,2.42
1920-02,4.11,3.99
1920-03,7.07,2.43
1920-04,10.74,4.8
1920-05,14.5,4.37
1920-06,18.06,3.2
1920-07,19.29,4.45
1920-08,18.53,3.37
1920-09,14.69,3.84
1920-10,10.04,4.43
1920-11,6.22,3.09
1920-12,4.11,2.93
1921-01,3.37,4.52
1921-02,4.18,3.64
1921-03,7.31,2.18
1921-04,10.56,3.05
1921-05,14.85,3.56
1921-06,18.23,4.74
1921-07,18.89,2.54
1921-08,18.94,2.34
1921-09,14.87,4.6
1921-10,10.62,2.02
1921-11,6.55,2.7
1921-12,3.26,3.99
1922-01,3.61,2.58
1922-02,4.01,3.82
1922-03,7.48,3.51
1922-04,11.18,4.19
1922-05,14.11,2.87
1922-06,17.95,3.41
1922-07,18.92,4.12
1922-08,18.95,4.05
1922-09,15.4,3.54
1922-10,10.59,2.6
1922-11,6.22,4.55
1922-12,3.4,2.25
1923-01,3.05,2.56
1923-02,4.69,4.64
1923-03,7.27,2.23
1923-04,11.03,3.36
1923-05,14.35,3.95
1923-06,17.64,3.75
1923-07,19.27,2.6
1923-08,18.31,3.33
1923-09,15.39,4.22
1923-10,10.85,4.34
1923-11,6.62,3.33
1923-12,3.71,3.52
1924-01,3.62,3.23
1924-02,4.63,3.54
1924-03,6.86,3.15
1924-04,10.7,3.2
1924-05,14.8,2.87
1924-06,18.04,3.57
1924-07,19.87,4.47
1924-08,19.12,3.3
1924-09,14.84,4.49
1924-10,10.0,2.12
1924-11,6.26,3.58
1924-12,3.89,2.19
1925-01,2.99,4.24
1925-02,4.94,4.25
1925-03,7.07,2.21
1925-04,11.09,4.07
1925-05,14.74,2.52
1925-06,18.39,4.54
1925-07,19.07,2.3
1925-08,19.16,2.83
1925-09,15.26,4.33
1925-10,10.72,4.3
1925-11,6.56,3.24
1925-12,3.29,2.54
1926-01,3.65,2.76
1926-02,4.73,1.8
1926-03,6.8,3.81
1926-04,10.41,2.8
1926-05,14.79,4.1
1926-06,17.95,3.94
1926-07,19.66,4.37
1926-08,18.77,2.25
1926-09,15.42,3.62
1926-10,10.21,2.43
1926-11,5.81,3.26
1926-12,4.06,4.59
1927-01,2.8,4.46
1927-02,4.08,4.14
1927-03,6.79,3.16
1927-04,10.66,1.7
1927-05,14.82,4.43
1927-06,18.24,4.27
1927-07,19.65,2.77
1927-08,18.91,2.2
1927-09,14.97,3.11
1927-10,10.03,3.71
1927-11,5.81,1.86
1927-12,3.73,3.96
1928-01,2.79,4.44
1928-02,4.98,3.68
1928-03,7.34,1.7
1928-04,10.44,4.17
1928-05,14.92,3.1
1928-06,17.62,4.08
1928-07,19.78,2.44
1928-08,19.04,2.47
1928-09,15.14,4.16
1928-10,10.11,1.87
1928-11,6.09,2.14
1928-12,4.19,4.42
1929-01,3.28,2.23
1929-02,4.53,4.61
1929-03,7.63,1.95
1929-04,10.6,4.27
1929-05,14.2,2.92
1929-06,18.02,3.2
1929-07,19.51,3.15
1929-08,18.82,2.71
1929-09,14.77,3.39
1929-10,10.24,3.38
1929-11,6.19,1.7
1929-12,3.64,3.97
1930-01,3.11,4.43
1930-02,4.39,2.37
1930-03,7.1,4.33
1930-04,11.04,4.14
1930-05,14.72,2.57
1930-06,17.55,3.74
1930-07,19.67,2.31
1930-08,19.21,2.16
1930-09,14.75,2.33
1930-10,10.88,2.02
1930-11,6.49,3.43
1930-12,3.3,4.3
1931-01,3.71,4.44
1931-02,4.62,3.94
1931-03,6.8,3.84
1931-04,10.65,4.07
1931-05,14.24,3.18
1931-06,17.47,1.95
1931-07,19.07,2.82
1931-08,19.01,4.44
1931-09,14.94,3.46
1931-10,10.93,2.84
1931-11,5.85,1.73
1931-12,3.85,3.28
1932-01,3.67,3.72
1932-02,4.22,4.11
1932-03,7.32,3.11
1932-04,11.34,3.87
1932-05,14.75,3.8
1932-06,18.38,4.22
1932-07,19.87,4.21
1932-08,18.96,2.16
1932-09,15.54,3.64
1932-10,10.88,3.89
1932-11,6.09,2.09
1932-12,3.33,2.76
1933-01,3.66,3.45
1933-02,5.02,1.98
1933-03,6.74,1.59
1933-04,11.23,4.21
1933-05,14.79,2.98
1933-06,17.56,3.95
1933-07,19.33,3.37
1933-08,18.55,1.96
1933-09,15.68,3.68
1933-10,10.91,2.69
1933-11,6.48,1.94
1933-12,3.57,3.64
1934-01,3.24,2.27
1934-02,4.37,3.22
1934-03,7.1,3.72
1934-04,10.8,2.66
1934-05,14.2,3.66
1934-06,17.46,3.55
1934-07,19.27,4.03
1934-08,18.3,3.53
1934-09,15.71,3.1
1934-10,10.28,4.31
1934-11,6.69,3.66
1934-12,3.5,2.23
1935-01,3.37,3.72
1935-02,4.43,3.73
1935-03,7.6,3.33
1935-04,10.97,3.54
1935-05,14.21,3.19
1935-06,17.56,4.13
1935-07,19.3,3.38
1935-08,18.48,4.14
1935-09,14.84,2.54
1935-10,11.02,2.47
1935-11,6.33,2.9
1935-12,3.74,3.88
1936-01,3.07,2.79
1936-02,4.57,2.86
1936-03,6.9,3.55
1936-04,11.13,2.69
1936-05,14.65,3.47
1936-06,17.65,1.62
1936-07,19.65,2.29
1936-08,18.26,4.12
1936-09,14.95,2.22
1936-10,10.88,3.52
1936-11,6.68,2.67
1936-12,3.8,4.24
1937-01,3.64,2.54
1937-02,4.81,2.01
1937-03,6.81,1.71
1937-04,11.15,2.83
1937-05,14.29,3.83
1937-06,17.71,3.02
1937-07,19.39,2.51
1937-08,18.65,3.29
1937-09,15.41,2.8
1937-10,11.02,4.04
1937-11,6.43,2.9
1937-12,3.52,4.33
1938-01,2.94,2.22
1938-02,4.58,3.07
1938-03,7.05,2.71
1938-04,10.69,3.2
1938-05,14.78,1.85
1938-06,18.45,2.25
1938-07,19.82,2.11
1938-08,18.94,1.38
1938-09,15.7,4.34
1938-10,11.02,3.16
1938-11,5.9,2.92
1938-12,4.1,3.12
1939-01,3.09,2.4
1939-02,4.14,1.62
1939-03,7.63,3.95
1939-04,11.09,3.28
1939-05,14.13,3.05
1939-06,18.34,2.59
1939-07,19.69,3.42
1939-08,18.5,1.44
1939-09,15.65,1.43
1939-10,10.97,2.83
1939-11,6.62,2.73
1939-12,3.83,4.19
1940-01,3.23,2.03
1940-02,4.21,1.54
1940-03,6.87,3.5
1940-04,10.67,3.25
1940-05,15.02,3.3
1940-06,18.21,1.4
1940-07,19.11,2.31
1940-08,18.3,1.9
1940-09,15.21,3.67
1940-10,10.85,3.64
1940-11,5.89,2.07
1940-12,4.12,2.2
1941-01,3.05,3.68
1941-02,4.53,3.09
1941-03,7.65,3.9
1941-04,11.16,1.96
1941-05,14.22,1.63
1941-06,18.03,2.01
1941-07,19.38,1.42
1941-08,19.2,2.73
1941-09,15.2,2.84
1941-10,10.33,1.88
1941-11,6.42,1.49
1941-12,4.25,3.35
1942-01,3.58,2.37
1942-02,4.32,2.79
1942-03,7.45,3.47
1942-04,10.59,3.85
1942-05,15.02,1.69
1942-06,18.17,4.16
1942-07,19.51,3.07
1942-08,18.43,3.1
1942-09,15.08,2.56
1942-10,10.29,2.42
1942-11,6.62,2.78
1942-12,3.5,2.18
1943-01,2.93,3.33
1943-02,4.45,2.94
1943-03,7.64,2.68
1943-04,10.51,2.43
1943-05,15.05,1.34
1943-06,18.46,1.68
1943-07,19.29,1.8
1943-08,19.19,3.8
1943-09,15.7,2.44
1943-10,10.84,3.6
1943-11,5.88,1.53
1943-12,3.74,1.91
1944-01,3.19,1.55
1944-02,5.04,3.71
1944-03,7.1,3.43
1944-04,11.24,3.76
1944-05,14.61,3.3
1944-06,17.73,1.87
1944-07,19.46,3.64
1944-08,19.13,1.34
1944-09,15.0,3.69
1944-10,10.84,3.08
1944-11,5.97,3.15
1944-12,3.89,3.88
1945-01,3.4,3.96
1945-02,4.74,2.92
1945-03,7.57,2.06
1945-04,11.29,3.89
1945-05,14.73,1.56
1945-06,18.15,1.67
1945-07,19.92,3.29
1945-08,18.67,3.45
1945-09,14.79,3.42
1945-10,10.47,3.11
1945-11,6.07,3.3
1945-12,3.51,1.43
1946-01,3.43,2.06
1946-02,4.43,3.57
1946-03,6.83,2.53
1946-04,11.22,2.2
1946-05,14.15,3.55
1946-06,17.56,2.73
1946-07,19.81,3.76
1946-08,18.49,2.63
1946-09,14.91,2.83
1946-10,10.23,4.1
1946-11,6.23,3.59
1946-12,4.2,3.05
1947-01,2.8,1.98
1947-02,4.12,2.72
1947-03,7.39,1.82
1947-04,11.05,2.19
1947-05,14.38,3.93
1947-06,18.13,3.48
1947-07,19.5,3.81
1947-08,18.49,1.87
1947-09,14.93,1.92
1947-10,11.02,2.44
1947-11,6.61,1.71
1947-12,4.09,3.21
1948-01,3.54,2.96
1948-02,4.89,3.73
1948-03,7.64,2.84
1948-04,11.26,1.24
1948-05,14.25,1.54
1948-06,17.53,3.07
1948-07,19.98,3.12
1948-08,19.06,1.78
1948-09,15.02,2.56
1948-10,10.4,3.35
1948-11,6.08,2.66
1948-12,3.73,3.37
1949-01,2.8,3.01
1949-02,4.12,2.17
1949-03,7.26,3.38
1949-04,10.79,2.12
1949-05,14.37,1.58
1949-06,17.77,3.15
1949-07,19.73,3.38
1949-08,18.5,1.32
1949-09,15.59,2.72
1949-10,10.61,2.71
1949-11,6.73,3.17
1949-12,3.47,1.59
1950-01,3.17,1.7
1950-02,4.38,1.64
1950-03,7.66,3.78
1950-04,11.22,2.68
1950-05,14.28,3.61
1950-06,17.83,3.85
1950-07,19.06,3.37
1950-08,18.53,2.11
1950-09,15.39,2.4
1950-10,10.26,2.92
1950-11,6.1,1.78
1950-12,3.57,2.18
1951-01,2.88,3.35
1951-02,4.6,2.78
1951-03,6.91,2.74
1951-04,10.69,2.72
1951-05,14.64,3.28
1951-06,18.21,1.89
1951-07,19.51,3.49
1951-08,18.44,1.25
1951-09,15.5,3.55
1951-10,10.96,1.77
1951-11,6.61,2.43
1951-12,3.55,2.94
1952-01,3.12,2.49
1952-02,4.17,0.99
1952-03,7.69,2.19
1952-04,10.86,1.0
1952-05,14.78,0.95
1952-06,18.44,1.7
1952-07,19.87,1.78
1952-08,19.03,3.24
1952-09,15.62,1.9
1952-10,10.34,2.19
1952-11,6.58,1.03
1952-12,3.88,1.58
1953-01,3.45,2.73
1953-02,4.58,2.64
1953-03,6.81,2.1
1953-04,10.94,2.63
1953-05,14.43,3.37
1953-06,18.44,2.72
1953-07,19.68,3.53
1953-08,19.07,2.34
1953-09,15.56,1.84
1953-10,10.47,2.49
1953-11,5.88,2.38
1953-12,3.77,3.31
1954-01,3.42,1.61
1954-02,4.95,1.83
1954-03,7.11,2.82
1954-04,11.14,1.43
1954-05,15.1,3.09
1954-06,18.09,1.13
1954-07,19.06,3.26
1954-08,18.6,0.96
1954-09,15.54,1.94
1954-10,10.37,3.15
1954-11,5.94,2.99
1954-12,3.85,2.68
1955-01,3.12,3.5
1955-02,4.69,2.59
1955-03,6.96,1.55
1955-04,10.78,1.47
1955-05,14.63,1.58
1955-06,17.61,3.8
1955-07,19.35,3.28
1955-08,19.21,3.27
1955-09,15.59,2.06
1955-10,10.24,1.53
1955-11,6.7,3.13
1955-12,3.54,3.73
1956-01,3.61,3.28
1956-02,4.33,3.12
1956-03,7.73,3.45
1956-04,10.54,2.31
1956-05,14.7,3.7
1956-06,18.37,3.76
1956-07,19.84,2.6
1956-08,18.48,1.66
1956-09,15.28,2.95
1956-10,10.29,2.58
1956-11,6.18,2.21
1956-12,3.37,2.56
1957-01,3.76,3.38
1957-02,4.54,1.15
1957-03,7.09,1.41
1957-04,10.82,3.24
1957-05,14.17,1.65
1957-06,17.62,2.97
1957-07,19.84,1.85
1957-08,19.26,3.14
1957-09,14.83,1.85
1957-10,10.54,0.99
1957-11,6.72,1.74
1957-12,3.97,2.95
1958-01,3.47,3.33
1958-02,4.27,0.79
1958-03,7.82,2.27
1958-04,10.91,3.66
1958-05,14.75,2.49
1958-06,18.0,3.07
1958-07,19.82,0.77
1958-08,19.12,1.28
1958-09,14.95,1.65
1958-10,11.02,2.71
1958-11,6.04,2.84
1958-12,3.72,3.37
1959-01,3.49,2.52
1959-02,4.83,3.54
1959-03,7.0,2.8
1959-04,11.44,3.5
1959-05,14.33,0.83
1959-06,18.26,1.71
1959-07,19.52,1.84
1959-08,18.73,1.36
1959-09,15.65,1.04
1959-10,10.43,3.71
1959-11,6.0,1.75
1959-12,3.65,3.19
1960-01,3.33,2.54
1960-02,4.62,0.83
1960-03,7.28,3.35
1960-04,11.23,3.26
1960-05,14.79,1.09
1960-06,18.36,2.58
1960-07,19.16,2.12
1960-08,18.99,1.25
1960-09,15.39,2.79
1960-10,10.68,0.96
1960-11,6.78,1.08
1960-12,4.34,1.78
1961-01,3.33,0.89
1961-02,5.06,2.75
1961-03,7.44,1.31
1961-04,11.37,3.01
1961-05,14.22,1.07
1961-06,18.38,0.73
1961-07,19.05,0.67
1961-08,18.77,3.23
1961-09,15.6,2.35
1961-10,10.54,2.4
1961-11,5.96,0.82
1961-12,3.75,3.48
1962-01,3.18,0.88
1962-02,4.83,3.2
1962-03,7.18,1.34
1962-04,11.46,2.05
1962-05,14.77,2.67
1962-06,17.92,1.23
1962-07,19.95,3.35
1962-08,19.01,2.68
1962-09,14.88,0.91
1962-10,11.01,2.73
1962-11,6.4,0.97
1962-12,3.79,1.77
1963-01,3.63,2.42
1963-02,5.02,1.36
1963-03,7.37,2.61
1963-04,11.03,2.93
1963-05,14.71,0.94
1963-06,18.09,1.28
1963-07,19.16,1.46
1963-08,18.74,2.33
1963-09,15.41,1.15
1963-10,10.8,2.2
1963-11,5.94,2.76
1963-12,3.83,3.13
1964-01,3.1,3.43
1964-02,5.04,0.77
1964-03,7.62,2.8
1964-04,10.87,3.58
1964-05,14.27,0.71
1964-06,17.89,2.3
1964-07,19.74,2.94
1964-08,19.17,2.38
1964-09,15.26,2.85
1964-10,10.34,2.43
1964-11,6.25,1.43
1964-12,4.34,2.27
1965-01,2.93,3.15
1965-02,4.97,2.86
1965-03,7.67,2.69
1965-04,11.19,1.62
1965-05,14.7,1.49
1965-06,18.1,3.47
1965-07,19.88,2.47
1965-08,19.0,1.89
1965-09,15.79,1.11
1965-10,10.82,0.62
1965-11,6.54,2.79
1965-12,4.0,2.89
1966-01,3.52,3.16
1966-02,4.86,0.78
1966-03,7.27,2.22
1966-04,11.39,3.44
1966-05,14.97,1.87
1966-06,17.82,2.64
1966-07,20.05,0.56
1966-08,18.44,1.62
1966-09,15.7,0.53
1966-10,11.13,0.78
1966-11,6.4,1.44
1966-12,4.29,2.96
1967-01,3.62,3.29
1967-02,4.54,1.94
1967-03,7.34,1.67
1967-04,11.07,3.27
1967-05,14.23,0.92
1967-06,17.65,2.42
1967-07,19.66,0.92
1967-08,19.11,2.33
1967-09,15.45,2.36
1967-10,10.26,1.27
1967-11,6.8,0.61
1967-12,3.69,3.12
1968-01,3.61,3.09
1968-02,4.43,3.2
1968-03,7.05,3.37
1968-04,11.3,2.28
1968-05,14.88,1.66
1968-06,17.76,2.16
1968-07,19.48,1.85
1968-08,18.77,1.89
1968-09,15.22,3.36
1968-10,10.22,3.09
1968-11,6.77,2.69
1968-12,3.59,3.37
1969-01,3.06,2.8
1969-02,4.76,0.99
1969-03,7.18,3.15
1969-04,11.26,2.32
1969-05,14.28,3.18
1969-06,18.46,2.95
1969-07,20.06,2.19
1969-08,18.77,1.19
1969-09,14.97,0.44
1969-10,11.07,3.27
1969-11,6.85,2.98
1969-12,3.46,2.47
1970-01,3.46,1.18
1970-02,5.03,3.18
1970-03,7.54,2.99
1970-04,10.96,0.97
1970-05,14.88,1.07
1970-06,18.02,1.79
1970-07,19.69,2.16
1970-08,19.18,2.71
1970-09,15.24,1.61
1970-10,11.01,2.88
1970-11,6.34,2.6
1970-12,4.08,1.33
1971-01,3.03,1.58
1971-02,4.32,3.05
1971-03,7.67,1.69
1971-04,11.53,2.81
1971-05,14.92,2.71
1971-06,17.87,2.99
1971-07,19.23,1.58
1971-08,19.25,2.58
1971-09,15.49,1.88
1971-10,10.85,2.8
1971-11,6.75,2.1
1971-12,3.4,0.74
1972-01,2.92,0.61
1972-02,4.78,1.51
1972-03,7.83,2.73
1972-04,10.62,0.99
1972-05,14.71,0.53
1972-06,17.68,2.89
1972-07,19.71,1.9
1972-08,19.05,2.78
1972-09,15.24,1.74
1972-10,10.54,3.13
1972-11,6.62,0.82
1972-12,3.89,1.51
1973-01,3.04,2.26
1973-02,4.53,0.65
1973-03,6.99,1.1
1973-04,10.62,1.19
1973-05,14.65,0.62
1973-06,18.06,2.34
1973-07,19.78,1.84
1973-08,19.17,2.82
1973-09,15.16,3.23
1973-10,11.18,1.66
1973-11,6.73,0.35
1973-12,4.33,1.27
1974-01,3.77,0.37
1974-02,4.28,2.35
1974-03,7.25,3.2
1974-04,10.67,1.84
1974-05,14.42,2.93
1974-06,18.24,2.18
1974-07,19.23,3.04
1974-08,18.45,2.62
1974-09,15.17,1.87
1974-10,10.35,2.9
1974-11,6.1,2.71
1974-12,3.74,0.46
1975-01,3.52,3.04
1975-02,4.62,0.38
1975-03,7.86,1.0
1975-04,11.28,0.91
1975-05,14.45,2.97
1975-06,18.27,0.62
1975-07,19.2,1.64
1975-08,18.86,2.22
1975-09,15.45,3.17
1975-10,11.0,2.89
1975-11,6.54,0.28
1975-12,4.01,3.24
1976-01,3.8,0.82
1976-02,4.97,2.61
1976-03,7.74,1.0
1976-04,10.91,1.12
1976-05,14.84,2.85
1976-06,17.7,2.17
1976-07,19.2,2.96
1976-08,19.39,0.6
1976-09,15.12,1.51
1976-10,10.4,0.26
1976-11,6.02,1.64
1976-12,3.69,1.88
1977-01,3.88,0.66
1977-02,4.51,0.97
1977-03,7.67,3.11
1977-04,11.02,0.77
1977-05,14.53,1.99
1977-06,18.22,0.99
1977-07,19.83,1.92
1977-08,18.49,0.46
1977-09,15.27,1.64
1977-10,11.18,1.38
1977-11,6.67,2.16
1977-12,4.06,0.94
1978-01,3.23,1.37
1978-02,4.45,0.17
1978-03,7.15,2.4
1978-04,11.1,2.54
1978-05,14.66,2.24
1978-06,18.42,0.55
1978-07,19.96,0.19
1978-08,19.07,1.08
1978-09,15.05,2.84
1978-10,10.52,1.87
1978-11,6.02,1.33
1978-12,4.27,1.74
1979-01,3.19,1.21
1979-02,4.35,1.62
1979-03,7.38,2.2
1979-04,10.91,1.85
1979-05,14.93,1.39
1979-06,18.12,0.21
1979-07,20.08,1.15
1979-08,19.0,0.41
1979-09,15.29,0.48
1979-10,10.88,2.74
1979-11,6.79,1.28
1979-12,4.05,0.19
1980-01,3.56,2.15
1980-02,4.22,2.22
1980-03,7.17,1.5
1980-04,10.82,0.63
1980-05,15.08,0.16
1980-06,18.59,0.83
1980-07,19.19,0.65
1980-08,19.03,1.81
1980-09,15.13,0.14
1980-10,10.32,1.97
1980-11,5.99,0.83
1980-12,4.22,1.99
1981-01,3.64,1.59
1981-02,4.51,2.12
1981-03,7.74,2.3
1981-04,11.57,2.49
1981-05,14.8,0.27
1981-06,18.04,2.31
1981-07,19.4,2.22
1981-08,19.02,1.3
1981-09,15.78,2.32
1981-10,10.53,0.48
1981-11,6.16,2.64
1981-12,3.9,1.4
1982-01,3.37,0.12
1982-02,4.67,1.98
1982-03,7.06,0.98
1982-04,11.22,0.76
1982-05,15.03,0.48
1982-06,18.09,0.71
1982-07,19.58,1.01
1982-08,19.36,1.7
1982-09,15.62,2.94
1982-10,10.62,2.67
1982-11,6.33,1.27
1982-12,3.89,1.09
1983-01,3.85,0.46
1983-02,4.29,1.59
1983-03,7.5,1.7
1983-04,10.73,2.32
1983-05,14.56,0.81
1983-06,18.12,1.75
1983-07,19.35,0.99
1983-08,19.13,2.1
1983-09,15.52,1.68
1983-10,10.9,1.02
1983-11,6.8,0.51
1983-12,4.39,2.62
1984-01,3.9,2.64
1984-02,5.09,2.9
1984-03,7.66,2.54
1984-04,10.97,2.81
1984-05,14.84,2.01
1984-06,17.98,0.69
1984-07,19.6,2.35
1984-08,18.44,1.28
1984-09,15.86,0.8
1984-10,10.53,2.78
1984-11,6.31,0.1
1984-12,4.21,1.86
1985-01,3.0,0.27
1985-02,4.66,2.05
1985-03,7.18,0.69
1985-04,11.41,0.27
1985-05,14.59,1.64
1985-06,18.21,0.58
1985-07,19.15,0.1
1985-08,19.07,1.22
1985-09,15.08,1.13
1985-10,11.13,2.93
1985-11,6.67,1.85
1985-12,3.48,0.25
1986-01,3.65,1.41
1986-02,4.89,1.3
1986-03,7.5,1.63
1986-04,10.7,0.86
1986-05,14.89,1.5
1986-06,18.05,1.05
1986-07,19.29,2.05
1986-08,18.94,0.96
1986-09,15.29,0.22
1986-10,10.49,2.62
1986-11,6.16,2.13
1986-12,4.03,0.78
1987-01,3.94,1.67
1987-02,4.7,0.52
1987-03,7.71,0.5
1987-04,11.0,0.5
1987-05,14.84,2.12
1987-06,18.5,1.15
1987-07,19.32,1.41
1987-08,19.26,1.48
1987-09,15.34,2.34
1987-10,11.13,2.83
1987-11,6.91,0.12
1987-12,4.35,0.1
1988-01,3.6,1.45
1988-02,5.03,0.89
1988-03,7.63,1.4
1988-04,11.5,0.91
1988-05,14.7,1.91
1988-06,18.4,2.15
1988-07,20.01,2.0
1988-08,18.85,2.57
1988-09,15.83,0.36
1988-10,10.54,1.69
1988-11,6.47,2.64
1988-12,4.13,0.67
1989-01,3.02,0.22
1989-02,5.02,0.12
1989-03,7.47,2.46
1989-04,11.18,2.48
1989-05,15.08,2.32
1989-06,18.35,0.1
1989-07,19.55,0.75
1989-08,18.47,0.52
1989-09,15.15,0.93
1989-10,10.37,0.26
1989-11,6.81,0.73
1989-12,3.48,1.95
1990-01,3.4,0.54
1990-02,4.96,1.45
1990-03,7.69,0.57
1990-04,10.74,0.94
1990-05,15.12,1.36
1990-06,17.94,2.29
1990-07,19.53,1.59
1990-08,19.07,1.61
1990-09,15.4,0.57
1990-10,10.63,0.54
1990-11,6.0,1.68
1990-12,4.35,1.5
1991-01,2.97,2.75
1991-02,4.28,1.21
1991-03,7.22,0.1
1991-04,10.94,2.39
1991-05,14.41,2.2
1991-06,17.75,2.69
1991-07,19.49,1.02
1991-08,19.44,1.95
1991-09,15.2,1.66
1991-10,10.51,0.18
1991-11,6.75,2.53
1991-12,3.89,1.2
1992-01,3.84,2.62
1992-02,4.79,1.53
1992-03,7.95,0.93
1992-04,10.87,0.1
1992-05,14.84,2.14
1992-06,18.26,1.26
1992-07,19.26,1.43
1992-08,19.11,0.1
1992-09,15.76,1.88
1992-10,11.21,2.73
1992-11,6.23,2.08
1992-12,4.4,1.81
1993-01,3.16,1.59
1993-02,4.3,2.31
1993-03,7.49,1.09
1993-04,11.18,0.1
1993-05,14.67,0.1
1993-06,18.39,2.29
1993-07,19.83,1.4
1993-08,19.16,0.61
1993-09,15.54,1.51
1993-10,11.27,0.5
1993-11,6.23,2.46
1993-12,4.03,0.37
1994-01,3.14,0.89
1994-02,5.25,0.74
1994-03,7.44,1.85
1994-04,10.93,1.42
1994-05,14.66,1.76
1994-06,17.91,1.37
1994-07,20.13,0.83
1994-08,18.85,1.48
1994-09,15.85,1.12
1994-10,11.06,2.57
1994-11,6.45,0.6
1994-12,3.71,0.4
1995-01,3.4,1.81
1995-02,4.83,0.51
1995-03,7.11,2.18
1995-04,11.01,2.59
1995-05,14.71,0.53
1995-06,18.35,0.92
1995-07,19.58,1.36
1995-08,19.15,0.1
1995-09,15.74,0.1
1995-10,11.16,1.4
1995-11,6.95,0.63
1995-12,3.83,0.49
1996-01,3.72,0.12
1996-02,4.78,1.5
1996-03,7.78,1.19
1996-04,11.65,2.24
1996-05,14.97,1.6
1996-06,18.16,1.53
1996-07,19.28,1.39
1996-08,18.96,0.97
1996-09,15.41,2.24
1996-10,10.78,0.1
1996-11,6.33,0.61
1996-12,3.71,0.69
1997-01,3.54,0.46
1997-02,5.14,0.1
1997-03,7.47,0.32
1997-04,10.99,1.56
1997-05,14.89,0.19
1997-06,18.54,1.9
1997-07,19.35,0.1
1997-08,18.94,2.22
1997-09,15.99,2.28
1997-10,11.25,0.1
1997-11,6.21,0.37
1997-12,3.66,0.76
1998-01,3.44,2.48
1998-02,4.63,2.05
1998-03,7.61,0.2
1998-04,10.81,0.1
1998-05,14.57,1.9
1998-06,18.35,1.04
1998-07,19.93,1.11
1998-08,19.38,0.94
1998-09,15.52,1.94
1998-10,11.24,1.21
1998-11,6.88,0.91
1998-12,4.2,1.97
1999-01,3.58,1.52
1999-02,4.32,0.1
1999-03,7.63,0.83
1999-04,11.62,2.06
1999-05,14.69,2.48
1999-06,17.79,1.72
1999-07,19.42,1.45
1999-08,18.89,2.17
1999-09,15.54,2.49
1999-10,10.66,1.0
1999-11,6.44,0.83
1999-12,4.02,1.58
2000-01,3.77,0.1
2000-02,4.88,1.01
2000-03,7.48,1.08
2000-04,11.25,0.1
2000-05,14.88,0.1
2000-06,17.85,1.77
2000-07,19.67,0.83
2000-08,18.56,0.71
2000-09,15.93,0.79
2000-10,11.0,0.45
2000-11,6.6,1.52
2000-12,4.15,1.24
2001-01,3.38,1.35
2001-02,5.2,0.18
2001-03,7.54,2.1
2001-04,11.59,1.26
2001-05,14.87,0.1
2001-06,18.14,0.1
2001-07,20.17,2.0
2001-08,19.39,1.38
2001-09,15.55,0.53
2001-10,10.43,2.28
2001-11,6.71,0.1
2001-12,4.14,1.97
2002-01,3.93,1.29
2002-02,5.22,2.09
2002-03,7.12,1.13
2002-04,11.07,0.1
2002-05,14.64,0.33
2002-06,17.96,1.35
2002-07,19.28,2.0
2002-08,19.0,1.48
2002-09,15.66,1.45
2002-10,11.17,1.24
2002-11,6.33,0.55
2002-12,3.55,1.74
2003-01,3.67,0.1
2003-02,4.5,1.76
2003-03,7.08,1.02
2003-04,11.63,2.41
2003-05,14.42,2.37
2003-06,18.51,1.55
2003-07,19.83,2.22
2003-08,19.43,1.63
2003-09,15.23,1.64
2003-10,10.78,0.1
2003-11,6.02,1.85
2003-12,3.62,0.17
2004-01,3.06,0.9
2004-02,4.86,0.1
2004-03,7.42,1.58
2004-04,11.36,1.61
2004-05,15.26,0.78
2004-06,18.05,0.7
2004-07,19.55,0.69
2004-08,18.6,0.6
2004-09,15.2,1.22
2004-10,10.71,1.52
2004-11,6.49,1.51
2004-12,3.99,1.32
2005-01,3.35,0.1
2005-02,4.4,2.03
2005-03,7.56,1.62
2005-04,11.63,0.91
2005-05,14.93,2.37
2005-06,18.63,0.53
2005-07,19.36,0.17
2005-08,18.89,1.99
2005-09,15.04,2.17
2005-10,10.81,1.06
2005-11,6.12,1.97
2005-12,3.59,1.87
2006-01,3.28,1.05
2006-02,4.42,0.1
2006-03,7.43,2.12
2006-04,11.15,0.1
2006-05,14.5,0.1
2006-06,18.71,2.43
2006-07,19.52,0.63
2006-08,18.7,0.67
2006-09,15.56,0.1
2006-10,11.31,1.14
2006-11,6.35,0.1
2006-12,4.18,1.5
2007-01,3.37,1.79
2007-02,4.95,0.16
2007-03,7.68,1.39
2007-04,11.32,0.77
2007-05,15.26,0.19
2007-06,18.41,2.24
2007-07,19.42,0.75
2007-08,19.01,0.1
2007-09,15.62,0.1
2007-10,11.12,1.6
2007-11,6.09,0.12
2007-12,3.68,0.1
2008-01,3.32,1.48
2008-02,5.22,0.87
2008-03,7.8,0.16
2008-04,10.83,0.96
2008-05,14.54,2.37
2008-06,18.68,2.19
2008-07,19.36,0.86
2008-08,19.15,0.24
2008-09,15.05,0.99
2008-10,10.95,1.99
2008-11,6.55,1.71
2008-12,3.58,1.86
2009-01,3.9,0.37
2009-02,4.65,0.3
2009-03,7.07,1.52
2009-04,11.51,1.89
2009-05,14.46,0.46
2009-06,17.74,0.1
2009-07,19.88,0.95
2009-08,19.16,0.47
2009-09,15.27,1.83
2009-10,10.39,1.86
2009-11,6.11,0.1
2009-12,3.85,1.48
2010-01,3.23,1.97
2010-02,4.64,0.49
2010-03,7.93,2.23
2010-04,11.56,0.83
2010-05,15.22,1.23
2010-06,18.38,0.1
2010-07,19.54,2.31
2010-08,18.69,0.32
2010-09,15.56,2.08
2010-10,11.13,2.01
2010-11,6.79,1.66
2010-12,4.52,0.1
2011-01,3.14,0.42
2011-02,4.97,1.56
2011-03,7.89,0.1
2011-04,11.42,1.86
2011-05,14.66,0.1
2011-06,18.64,0.43
2011-07,19.46,0.1
2011-08,19.45,0.1
2011-09,15.87,0.38
2011-10,10.76,1.02
2011-11,6.51,0.84
2011-12,4.4,0.4
2012-01,3.59,2.09
2012-02,4.38,2.36
2012-03,7.89,1.6
2012-04,11.52,1.56
2012-05,14.93,0.21
2012-06,18.26,1.57
2012-07,20.21,1.45
2012-08,18.58,0.37
2012-09,15.55,2.16
2012-10,11.24,0.63
2012-11,6.86,0.89
2012-12,3.81,1.46
2013-01,3.32,0.18
2013-02,4.68,1.17
2013-03,7.35,2.29
2013-04,11.32,0.1
2013-05,14.98,1.49
2013-06,18.47,1.4
2013-07,19.46,0.1
2013-08,18.62,0.36
2013-09,15.23,0.85
2013-10,10.68,0.78
2013-11,6.21,0.1
2013-12,4.2,1.19
2014-01,3.58,2.37
2014-02,4.47,1.68
2014-03,7.26,0.1
2014-04,10.99,0.66
2014-05,14.64,0.23
2014-06,18.09,2.4
2014-07,19.65,0.58
2014-08,19.03,2.16
2014-09,15.85,1.33
2014-10,10.89,1.63
2014-11,6.58,1.22
2014-12,4.48,0.1
2015-01,3.5,1.85
2015-02,5.04,0.58
2015-03,7.42,0.1
2015-04,11.33,1.65
2015-05,14.38,0.13
2015-06,18.37,0.1
2015-07,19.64,1.16
2015-08,18.77,2.13
2015-09,15.77,0.83
2015-10,11.09,2.11
2015-11,6.15,0.1
2015-12,4.54,1.4